epoch,train_loss,train_data_loss,train_biology_loss,train_mae,train_mape,mean_alpha,mean_K,mean_beta
1,0.633915,0.632649,0.126570,2.006066,84.4484,1.2885,1.3531,0.2646
2,0.451803,0.450080,0.172294,1.883203,103.8524,1.1731,1.4836,0.2210
3,0.355061,0.353648,0.141280,1.770246,91.8066,0.9883,1.5408,0.2483
4,0.289925,0.288523,0.140260,1.696563,87.7093,0.8978,1.7117,0.2505
5,0.264806,0.263655,0.115040,1.655724,92.5052,0.8382,1.8586,0.2346
6,0.258771,0.258034,0.073629,1.632957,99.0117,0.7681,1.9052,0.2386
7,0.244421,0.244054,0.036733,1.615646,96.1187,0.7148,1.9381,0.2428
8,0.233826,0.233745,0.008006,1.589190,103.2927,0.6563,1.9473,0.2419
9,0.235413,0.235348,0.006515,1.592556,96.7861,0.6084,1.9987,0.2409
10,0.226148,0.226081,0.006728,1.578542,93.0977,0.5803,2.0874,0.2184
11,0.225363,0.225363,0.000000,1.579147,107.6672,0.5519,2.0213,0.2401
12,0.217950,0.217950,0.000000,1.559464,92.4026,0.5640,2.2039,0.1973
13,0.210428,0.210428,0.000000,1.545106,91.2974,0.5344,2.1718,0.1935
14,0.210184,0.210184,0.000000,1.532457,93.2023,0.5145,2.0949,0.2040
15,0.207723,0.207723,0.000000,1.540609,99.2208,0.5045,2.0771,0.2053
16,0.203230,0.203230,0.000000,1.522194,92.2364,0.5059,2.1582,0.1877
17,0.191535,0.191535,0.000000,1.495001,81.9630,0.4980,2.2254,0.1673
18,0.198925,0.198925,0.000000,1.515118,86.5653,0.4999,2.0733,0.1877
19,0.195008,0.195008,0.000000,1.515671,93.1779,0.4839,2.0867,0.1842
20,0.190667,0.190667,0.000000,1.484061,87.9248,0.4873,2.1630,0.1636
21,0.200934,0.200934,0.000000,1.520651,94.2589,0.4675,2.2373,0.1480
22,0.186448,0.186448,0.000000,1.488208,92.1544,0.4410,2.2273,0.1512
23,0.189145,0.189145,0.000000,1.489337,85.8426,0.4264,2.1491,0.1643
24,0.195020,0.195020,0.000000,1.497490,101.9064,0.4250,2.1705,0.1489
25,0.193254,0.193254,0.000000,1.503778,99.1085,0.4084,2.2467,0.1349
26,0.197769,0.197769,0.000000,1.520871,86.6096,0.4153,2.2600,0.1353
27,0.186873,0.186873,0.000000,1.487823,92.4493,0.4191,2.2938,0.1203
28,0.183019,0.183019,0.000000,1.471357,91.5147,0.3866,2.2712,0.1211
29,0.177064,0.177064,0.000000,1.458213,88.2032,0.3916,2.2737,0.1125
30,0.174661,0.174661,0.000000,1.435533,89.9766,0.3820,2.2688,0.1152
31,0.178404,0.178404,0.000000,1.467508,85.1051,0.3845,2.3208,0.1027
32,0.184194,0.184194,0.000000,1.454217,97.0159,0.3699,2.2687,0.1053
33,0.176817,0.176817,0.000000,1.442777,90.2844,0.3595,2.2108,0.1139
34,0.176643,0.176643,0.000000,1.449372,82.6425,0.3562,2.2037,0.1181
35,0.185352,0.185352,0.000000,1.457277,98.6685,0.3430,2.4408,0.0906
36,0.175586,0.175586,0.000000,1.428724,93.3441,0.3054,2.2620,0.1074
37,0.178983,0.178983,0.000000,1.462000,93.7281,0.2819,2.2414,0.1155
38,0.180929,0.180929,0.000000,1.448015,91.7019,0.2948,2.3461,0.0945
39,0.171857,0.171857,0.000000,1.427656,97.3346,0.2868,2.3349,0.0976
40,0.197913,0.197913,0.000000,1.481804,106.9613,0.2573,2.3223,0.0982
41,0.165849,0.165849,0.000000,1.412362,85.4218,0.2361,2.5469,0.0840
42,0.175565,0.175565,0.000000,1.416110,88.4396,0.2166,2.4947,0.0902
43,0.183924,0.183924,0.000000,1.459577,105.9825,0.1911,2.5522,0.0811
44,0.191427,0.191427,0.000000,1.485252,106.3097,0.1646,2.7003,0.0723
45,0.176012,0.176012,0.000000,1.457245,89.8057,0.1548,2.9557,0.0587
46,0.169888,0.169888,0.000000,1.415843,94.1922,0.1583,2.7799,0.0714
47,0.187700,0.187700,0.000000,1.475529,97.6285,0.1444,2.7505,0.0711
48,0.168937,0.168937,0.000000,1.402573,95.7269,0.1359,2.7009,0.0729
49,0.174046,0.174046,0.000000,1.430010,92.0111,0.1213,2.8574,0.0579
50,0.174015,0.174015,0.000000,1.442963,94.7902,0.1228,2.8933,0.0537
51,0.164376,0.164376,0.000000,1.403436,87.7275,0.1184,2.7471,0.0620
52,0.154399,0.154399,0.000000,1.352128,89.7494,0.1097,2.9773,0.0520
53,0.169569,0.169569,0.000000,1.417294,87.6569,0.1062,2.8121,0.0617
54,0.174550,0.174550,0.000000,1.417007,108.2625,0.0950,2.7194,0.0588
55,0.166648,0.166648,0.000000,1.410494,89.9530,0.0874,3.0772,0.0449
56,0.154054,0.154054,0.000000,1.377109,83.0671,0.0878,2.8393,0.0555
57,0.167837,0.167837,0.000000,1.399846,90.3234,0.0880,2.9119,0.0526
58,0.154691,0.154691,0.000000,1.356982,87.5345,0.0897,2.9681,0.0481
59,0.168895,0.168895,0.000000,1.407448,96.7146,0.0836,3.0697,0.0463
60,0.174948,0.174948,0.000000,1.433547,94.4735,0.0837,3.1017,0.0458
61,0.176577,0.176577,0.000000,1.399637,102.1775,0.0798,3.1253,0.0436
62,0.167009,0.167009,0.000000,1.390656,94.0123,0.0837,3.0640,0.0424
63,0.170697,0.170697,0.000000,1.421293,96.5222,0.0817,3.1682,0.0372
64,0.162407,0.162407,0.000000,1.370934,96.4626,0.0737,3.0457,0.0391
65,0.171176,0.171176,0.000000,1.428974,94.8408,0.0779,2.9817,0.0409
66,0.173138,0.173138,0.000000,1.380076,103.2089,0.0777,2.9000,0.0457
67,0.167614,0.167614,0.000000,1.409300,90.9689,0.0773,2.9629,0.0421
68,0.169334,0.169334,0.000000,1.387978,89.8787,0.0816,3.1064,0.0364
69,0.168587,0.168587,0.000000,1.382217,93.2774,0.0767,3.1670,0.0335
70,0.160111,0.160111,0.000000,1.345387,89.7610,0.0761,3.0185,0.0394
71,0.168096,0.168096,0.000000,1.398556,97.8851,0.0793,3.0589,0.0362
72,0.168788,0.168788,0.000000,1.385609,97.8545,0.0730,3.1614,0.0328
73,0.161275,0.161275,0.000000,1.368634,81.4932,0.0704,3.2622,0.0308
74,0.166829,0.166829,0.000000,1.373953,96.8240,0.0683,3.1219,0.0338
75,0.158176,0.158176,0.000000,1.337801,96.0232,0.0681,3.1031,0.0334
76,0.152615,0.152615,0.000000,1.353343,86.4163,0.0681,3.0707,0.0346
77,0.159391,0.159391,0.000000,1.350608,89.3450,0.0659,3.2277,0.0281
78,0.146845,0.146845,0.000000,1.307363,86.5148,0.0727,3.2359,0.0292
79,0.183936,0.183936,0.000000,1.398607,105.4777,0.0685,3.0677,0.0325
80,0.168378,0.168378,0.000000,1.369172,98.2397,0.0652,3.1389,0.0301
81,0.160901,0.160901,0.000000,1.357506,94.7591,0.0664,3.1097,0.0307
82,0.150398,0.150398,0.000000,1.306726,93.1088,0.0658,3.1625,0.0290
83,0.159268,0.159268,0.000000,1.333883,93.1696,0.0607,3.2313,0.0265
84,0.161185,0.161185,0.000000,1.343506,87.4080,0.0600,3.3222,0.0265
85,0.156799,0.156799,0.000000,1.330715,94.8480,0.0607,3.2117,0.0286
86,0.164952,0.164952,0.000000,1.352283,102.7278,0.0617,3.1520,0.0295
87,0.167593,0.167593,0.000000,1.365682,96.2388,0.0605,3.2947,0.0249
88,0.164440,0.164440,0.000000,1.361109,85.8168,0.0592,3.0522,0.0289
89,0.159376,0.159376,0.000000,1.369035,94.6526,0.0600,3.2945,0.0243
90,0.156841,0.156841,0.000000,1.315238,89.9237,0.0597,3.2072,0.0268
91,0.159459,0.159459,0.000000,1.350164,87.9715,0.0587,3.2227,0.0263
92,0.158730,0.158730,0.000000,1.342527,94.2779,0.0576,3.0703,0.0285
93,0.155698,0.155698,0.000000,1.339079,88.6753,0.0611,3.1930,0.0262
94,0.167073,0.167073,0.000000,1.360062,91.4249,0.0641,3.1846,0.0263
95,0.170832,0.170832,0.000000,1.366564,100.8255,0.0601,2.9878,0.0298
96,0.165107,0.165107,0.000000,1.382313,91.0275,0.0593,3.2622,0.0244
97,0.158258,0.158258,0.000000,1.345714,88.9439,0.0593,3.1890,0.0255
98,0.158269,0.158269,0.000000,1.327983,90.7247,0.0577,3.2448,0.0256
99,0.171602,0.171602,0.000000,1.368403,106.9417,0.0558,3.1423,0.0283
100,0.150699,0.150699,0.000000,1.309341,89.9824,0.0562,3.2694,0.0262
101,0.138732,0.138732,0.000000,1.291027,79.4821,0.0550,3.3236,0.0246
102,0.162207,0.162207,0.000000,1.362830,95.5989,0.0551,3.2649,0.0258
103,0.162222,0.162222,0.000000,1.362670,94.0588,0.0545,3.3393,0.0243
104,0.169736,0.169736,0.000000,1.386196,107.4908,0.0547,3.2214,0.0275
105,0.153167,0.153167,0.000000,1.312630,93.2780,0.0551,3.2026,0.0282
106,0.172440,0.172440,0.000000,1.362758,101.9923,0.0545,3.1789,0.0285
107,0.171868,0.171868,0.000000,1.385494,99.3783,0.0547,3.3446,0.0245
108,0.160012,0.160012,0.000000,1.353873,88.9283,0.0538,3.1788,0.0271
109,0.158486,0.158486,0.000000,1.343300,92.1554,0.0543,3.2890,0.0255
110,0.149489,0.149489,0.000000,1.292619,83.8809,0.0543,3.3069,0.0253
111,0.153625,0.153625,0.000000,1.306437,88.4357,0.0520,3.2810,0.0260
112,0.156913,0.156913,0.000000,1.330280,87.3570,0.0521,3.3969,0.0245
113,0.152552,0.152552,0.000000,1.294118,95.2952,0.0525,3.2993,0.0270
114,0.150501,0.150501,0.000000,1.326986,94.2746,0.0522,3.3434,0.0266
115,0.168388,0.168388,0.000000,1.371356,102.9106,0.0527,3.2831,0.0285
116,0.164625,0.164625,0.000000,1.353341,94.0474,0.0506,3.4107,0.0261
117,0.146558,0.146558,0.000000,1.283698,91.5250,0.0492,3.3795,0.0270
118,0.154842,0.154842,0.000000,1.334054,88.9526,0.0501,3.4882,0.0253
119,0.156329,0.156329,0.000000,1.319297,97.6862,0.0512,3.4941,0.0256
120,0.159716,0.159716,0.000000,1.315830,91.7142,0.0527,3.5209,0.0255
121,0.140925,0.140925,0.000000,1.279155,82.9314,0.0531,3.3878,0.0285
122,0.145786,0.145786,0.000000,1.294601,86.7818,0.0496,3.4151,0.0265
123,0.151942,0.151942,0.000000,1.316475,88.0993,0.0503,3.4827,0.0257
124,0.151239,0.151239,0.000000,1.303228,91.2249,0.0500,3.5150,0.0253
125,0.153534,0.153534,0.000000,1.301720,96.5021,0.0495,3.5344,0.0250
126,0.153778,0.153778,0.000000,1.326434,93.3754,0.0494,3.5739,0.0245
127,0.152027,0.152027,0.000000,1.321704,94.0451,0.0496,3.4505,0.0267
128,0.144994,0.144994,0.000000,1.292735,85.3894,0.0505,3.4644,0.0267
129,0.161948,0.161948,0.000000,1.362974,95.8225,0.0506,3.3585,0.0292
130,0.149860,0.149860,0.000000,1.286942,82.3954,0.0502,3.3916,0.0281
131,0.153198,0.153198,0.000000,1.281813,93.6456,0.0492,3.4338,0.0269
132,0.148559,0.148559,0.000000,1.321221,89.0937,0.0495,3.4315,0.0275
133,0.143229,0.143229,0.000000,1.260687,86.1178,0.0490,3.4729,0.0267
134,0.144302,0.144302,0.000000,1.258667,88.5623,0.0488,3.4397,0.0275
135,0.150227,0.150227,0.000000,1.282086,88.8997,0.0481,3.5217,0.0259
136,0.164535,0.164535,0.000000,1.348400,96.8695,0.0490,3.4780,0.0270
137,0.141711,0.141711,0.000000,1.283668,89.1784,0.0489,3.5731,0.0256
138,0.160039,0.160039,0.000000,1.327700,100.8989,0.0481,3.6264,0.0243
139,0.157925,0.157925,0.000000,1.308984,92.2153,0.0483,3.4664,0.0277
140,0.158747,0.158747,0.000000,1.329342,95.5432,0.0481,3.4529,0.0278
141,0.165282,0.165282,0.000000,1.371400,92.5330,0.0476,3.4509,0.0279
142,0.152345,0.152345,0.000000,1.318484,91.1989,0.0479,3.5424,0.0266
143,0.160180,0.160180,0.000000,1.337653,97.2960,0.0493,3.4758,0.0285
144,0.143513,0.143513,0.000000,1.259495,86.2659,0.0491,3.5468,0.0271
145,0.140771,0.140771,0.000000,1.255489,87.6835,0.0491,3.5045,0.0278
146,0.141047,0.141047,0.000000,1.266672,84.0746,0.0488,3.5630,0.0267
147,0.159334,0.159334,0.000000,1.339695,96.0515,0.0487,3.5448,0.0273
148,0.154972,0.154972,0.000000,1.338968,90.1478,0.0486,3.5724,0.0267
149,0.151463,0.151463,0.000000,1.314009,97.8953,0.0484,3.5665,0.0268
150,0.157227,0.157227,0.000000,1.301931,98.9471,0.0486,3.5679,0.0268
151,0.144809,0.144809,0.000000,1.266872,86.4987,0.0478,3.5350,0.0273
